Roller contact length [m],0.001587802146457606
Load no,T_r [C],alpha_max,front_x,front_v (mm/s),Q_roller (power per unit thickness from both rollers [W/m]),Q_roller_noFP (from both rollers power per unit thickness [W/m]),R_tc,V_r,T0, Tamb, Hgap, phi1, phi2, alpha0, h_conv
0,40.0,0.11178126878899682,-inf,1.5,0.995755308177889,-2.547461015679155e-09,1e-05,0.001,40.0,30.0,0.001,0.2,0.3,0.1,50
1,45.0,0.11858544831662725,-inf,1.5,-5.169925811514463,-6.331292990757164,1e-05,0.001,40.0,30.0,0.001,0.2,0.3,0.1,50
2,50.0,0.1330205105872552,-inf,1.5,-11.233724370528549,-12.662585978923929,1e-05,0.001,40.0,30.0,0.001,0.2,0.3,0.1,50
3,55.0,0.17868555746582335,-inf,1.5,-17.119497567577948,-18.99387896712642,1e-05,0.001,40.0,30.0,0.001,0.2,0.3,0.1,50
4,60.0,0.8564039274433234,0.0013911133673614599,1.5,3.837293771788005,-25.325171955355557,1e-05,0.001,40.0,30.0,0.001,0.2,0.3,0.1,50
5,65.0,0.8572725355762687,0.0011257037214713514,1.5,3.847097657909453,-31.65646494352289,1e-05,0.001,40.0,30.0,0.001,0.2,0.3,0.1,50
6,70.0,0.8574406753203379,0.0008926247910491382,1.5,4.1170771894917895,-37.98775793174894,1e-05,0.001,40.0,30.0,0.001,0.2,0.3,0.1,50
7,75.0,0.8567125310920003,0.0006765297832178913,1.5,4.8261764596403935,-44.319050919908214,1e-05,0.001,40.0,30.0,0.001,0.2,0.3,0.1,50
8,80.0,0.8547536564407793,0.00046343363933179233,1.5,6.2595776039496265,-50.65034390817006,1e-05,0.001,40.0,30.0,0.001,0.2,0.3,0.1,50
9,85.0,0.8512073807940291,0.0002345334609793996,1.5,8.82037313708549,-56.981636896327515,1e-05,0.001,40.0,30.0,0.001,0.2,0.3,0.1,50
10,90.0,0.8463595377538532,-3.88216155477787e-05,1.5,12.761340403844113,-63.31292988451613,1e-05,0.001,40.0,30.0,0.001,0.2,0.3,0.1,50
11,95.0,0.8421612833113978,-0.00036923330997004356,1.5,17.54463701400369,-69.64422287272359,1e-05,0.001,40.0,30.0,0.001,0.2,0.3,0.1,50
12,100.0,0.8409285145111047,-0.0007207226421782576,1.5,22.118386241403908,-75.97551586091603,1e-05,0.001,40.0,30.0,0.001,0.2,0.3,0.1,50
13,105.0,0.8430276078964904,-0.0010738887215838784,1.5,25.809805175867385,-82.3068088491018,1e-05,0.001,40.0,30.0,0.001,0.2,0.3,0.1,50
14,110.0,0.867431013745348,-0.0096134050589129,1.5,54.50051136791514,-88.63810183733032,1e-05,0.001,40.0,30.0,0.001,0.2,0.3,0.1,50
15,115.0,0.871838189607425,-0.009613521338617995,1.5,48.50767028283984,-94.96939482552636,1e-05,0.001,40.0,30.0,0.001,0.2,0.3,0.1,50
16,120.0,0.877162295012361,-0.009613638921883473,1.5,42.56062532688124,-101.30068781369914,1e-05,0.001,40.0,30.0,0.001,0.2,0.3,0.1,50
17,125.0,0.8834757753580198,-0.00961375760918807,1.5,36.66809195121433,-107.63198080193195,1e-05,0.001,40.0,30.0,0.001,0.2,0.3,0.1,50
18,130.0,0.890777418657491,-0.009613877479740072,1.5,30.83951543450491,-113.9632737900873,1e-05,0.001,40.0,30.0,0.001,0.2,0.3,0.1,50
19,135.0,0.8989672772076727,-0.009613998617001069,1.5,25.084554411008686,-120.29456677827659,1e-05,0.001,40.0,30.0,0.001,0.2,0.3,0.1,50
20,140.0,0.9078402724792703,-0.009614120979276952,1.5,19.412251495154734,-126.62585976644021,1e-05,0.001,40.0,30.0,0.001,0.2,0.3,0.1,50

0,40.0,0.11202529877447122,-inf,1.5,0.7252154095633021,6.357981349082631e-09,0.001,0.001,40.0,30.0,0.001,0.2,0.3,0.1,50
1,45.0,0.1164271584877993,-inf,1.5,-3.848622772438591,-4.645378488663563,0.001,0.001,40.0,30.0,0.001,0.2,0.3,0.1,50
2,50.0,0.12369765348672863,-inf,1.5,-8.394676248520291,-9.290756983669883,0.001,0.001,40.0,30.0,0.001,0.2,0.3,0.1,50
3,55.0,0.13690712419952272,-inf,1.5,-12.89979601962621,-13.936135478709378,0.001,0.001,40.0,30.0,0.001,0.2,0.3,0.1,50
4,60.0,0.16809252951959394,-inf,1.5,-17.342474275233897,-18.58151397371475,0.001,0.001,40.0,30.0,0.001,0.2,0.3,0.1,50
5,65.0,0.8597440435837588,0.0008171670477846578,1.5,6.086481972978426,-23.22689246875813,0.001,0.001,40.0,30.0,0.001,0.2,0.3,0.1,50
6,70.0,0.8604699591451597,0.0005926858747126278,1.5,6.514340696758432,-27.872270963763675,0.001,0.001,40.0,30.0,0.001,0.2,0.3,0.1,50
7,75.0,0.8607869207551115,0.00038188039519055327,1.5,7.210279838750862,-32.517649458777875,0.001,0.001,40.0,30.0,0.001,0.2,0.3,0.1,50
8,80.0,0.8606503115206909,0.00017097674537250873,1.5,8.333178905525935,-37.16302795379427,0.001,0.001,40.0,30.0,0.001,0.2,0.3,0.1,50
9,85.0,0.8600909239249254,-5.641463023420759e-05,1.5,10.078787463198188,-41.80840644880292,0.001,0.001,40.0,30.0,0.001,0.2,0.3,0.1,50
10,90.0,0.8593626737219932,-0.0003173584526485475,1.5,12.70837407109491,-46.45378494384014,0.001,0.001,40.0,30.0,0.001,0.2,0.3,0.1,50
11,95.0,0.8588728575613067,-0.0006284641285343985,1.5,16.45449493284017,-51.09916343883133,0.001,0.001,40.0,30.0,0.001,0.2,0.3,0.1,50
12,100.0,0.8577730729263185,-0.0010769362414745772,1.5,22.58931620097493,-55.74454193382725,0.001,0.001,40.0,30.0,0.001,0.2,0.3,0.1,50
13,105.0,0.8777689884314599,-0.009613747186164317,1.5,45.322110679432384,-60.38992042883074,0.001,0.001,40.0,30.0,0.001,0.2,0.3,0.1,50
14,110.0,0.882000851934623,-0.00961382013988389,1.5,40.881218364797874,-65.03529892382913,0.001,0.001,40.0,30.0,0.001,0.2,0.3,0.1,50
15,115.0,0.8867506298372978,-0.009613893949050944,1.5,36.46041595849059,-69.68067741882422,0.001,0.001,40.0,30.0,0.001,0.2,0.3,0.1,50
16,120.0,0.8920102395799795,-0.009613968417161337,1.5,32.062151398245504,-74.32605591383475,0.001,0.001,40.0,30.0,0.001,0.2,0.3,0.1,50
17,125.0,0.897744594734935,-0.009614043589100282,1.5,27.68894400026141,-78.97143440884139,0.001,0.001,40.0,30.0,0.001,0.2,0.3,0.1,50
18,130.0,0.9038897838721918,-0.009614119511184465,1.5,23.34330136599607,-83.61681290382339,0.001,0.001,40.0,30.0,0.001,0.2,0.3,0.1,50
19,135.0,0.9103549774856552,-0.009614196230370773,1.5,19.027596455579918,-88.26219139882028,0.001,0.001,40.0,30.0,0.001,0.2,0.3,0.1,50
20,140.0,0.9170283842950805,-0.009614273792930795,1.5,14.743917161867166,-92.90756989382064,0.001,0.001,40.0,30.0,0.001,0.2,0.3,0.1,50

0,40.0,0.11257394062027554,-inf,1.5,0.022436612660679298,-2.438191261306404e-11,0.1,0.001,40.0,30.0,0.001,0.2,0.3,0.1,50
1,45.0,0.11268940352760466,-inf,1.5,-0.12044948391180704,-0.1429329958701766,0.1,0.001,40.0,30.0,0.001,0.2,0.3,0.1,50
2,50.0,0.11280653393603035,-inf,1.5,-0.26333525917428074,-0.2858659917175227,0.1,0.001,40.0,30.0,0.001,0.2,0.3,0.1,50
3,55.0,0.11292536105241785,-inf,1.5,-0.4062207082750818,-0.4287989875644752,0.1,0.001,40.0,30.0,0.001,0.2,0.3,0.1,50
4,60.0,0.11304591417686842,-inf,1.5,-0.5491058287968384,-0.5717319834121289,0.1,0.001,40.0,30.0,0.001,0.2,0.3,0.1,50
5,65.0,0.11316822325666086,-inf,1.5,-0.6919906182985207,-0.7146649792575075,0.1,0.001,40.0,30.0,0.001,0.2,0.3,0.1,50
6,70.0,0.11329231890490331,-inf,1.5,-0.8348750743232486,-0.8575979751038839,0.1,0.001,40.0,30.0,0.001,0.2,0.3,0.1,50
7,75.0,0.11341823241989313,-inf,1.5,-0.9777591943808177,-1.0005309709525327,0.1,0.001,40.0,30.0,0.001,0.2,0.3,0.1,50
8,80.0,0.11354599580513271,-inf,1.5,-1.1206429759723948,-1.143463966799203,0.1,0.001,40.0,30.0,0.001,0.2,0.3,0.1,50
9,85.0,0.11367564179004748,-inf,1.5,-1.2635264165602702,-1.286396962645168,0.1,0.001,40.0,30.0,0.001,0.2,0.3,0.1,50
10,90.0,0.11380720385168171,-inf,1.5,-1.4064095135978487,-1.4293299584933812,0.1,0.001,40.0,30.0,0.001,0.2,0.3,0.1,50
11,95.0,0.11394071623689848,-inf,1.5,-1.5492922645067084,-1.5722629543388058,0.1,0.001,40.0,30.0,0.001,0.2,0.3,0.1,50
12,100.0,0.11407621398561499,-inf,1.5,-1.6921746666891093,-1.7151959501874208,0.1,0.001,40.0,30.0,0.001,0.2,0.3,0.1,50
13,105.0,0.11421373295509236,-inf,1.5,-1.83505671751717,-1.858128946033947,0.1,0.001,40.0,30.0,0.001,0.2,0.3,0.1,50
14,110.0,0.1143533098447822,-inf,1.5,-1.977938414343193,-2.0010619418811637,0.1,0.001,40.0,30.0,0.001,0.2,0.3,0.1,50
15,115.0,0.11449498222214749,-inf,1.5,-2.1208197544865226,-2.143994937726955,0.1,0.001,40.0,30.0,0.001,0.2,0.3,0.1,50
16,120.0,0.11463879501822781,-inf,1.5,-2.2637007312823707,-2.2869279335719273,0.1,0.001,40.0,30.0,0.001,0.2,0.3,0.1,50
17,125.0,0.11478477512207924,-inf,1.5,-2.4065813497811495,-2.4298609294203986,0.1,0.001,40.0,30.0,0.001,0.2,0.3,0.1,50
18,130.0,0.1149329689315103,-inf,1.5,-2.5494616034109,-2.572793925267024,0.1,0.001,40.0,30.0,0.001,0.2,0.3,0.1,50
19,135.0,0.11508341776977196,-inf,1.5,-2.692341489387344,-2.715726921115082,0.1,0.001,40.0,30.0,0.001,0.2,0.3,0.1,50
20,140.0,0.11523616397443653,-inf,1.5,-2.8352210048992754,-2.8586599169597737,0.1,0.001,40.0,30.0,0.001,0.2,0.3,0.1,50

0,40.0,0.11259011566527945,-inf,1.5,0.0022868985336184726,-7.191818035330919e-12,1,0.001,40.0,30.0,0.001,0.2,0.3,0.1,50
1,45.0,0.1126018284289873,-inf,1.5,-0.012275395550616394,-0.01456180606499335,1,0.001,40.0,30.0,0.001,0.2,0.3,0.1,50
2,50.0,0.11261355987128074,-inf,1.5,-0.02683769138326749,-0.029123612125851052,1,0.001,40.0,30.0,0.001,0.2,0.3,0.1,50
3,55.0,0.11262530844878552,-inf,1.5,-0.04139998913196215,-0.04368541818387445,1,0.001,40.0,30.0,0.001,0.2,0.3,0.1,50
4,60.0,0.1126370741907668,-inf,1.5,-0.055962288798252685,-0.05824722424570519,1,0.001,40.0,30.0,0.001,0.2,0.3,0.1,50
5,65.0,0.11264885712714003,-inf,1.5,-0.07052459038905806,-0.07280903030227244,1,0.001,40.0,30.0,0.001,0.2,0.3,0.1,50
6,70.0,0.11266065728755667,-inf,1.5,-0.08508689390649848,-0.08737083636358331,1,0.001,40.0,30.0,0.001,0.2,0.3,0.1,50
7,75.0,0.11267247470188371,-inf,1.5,-0.0996491993549731,-0.10193264242263464,1,0.001,40.0,30.0,0.001,0.2,0.3,0.1,50
8,80.0,0.11268430940001269,-inf,1.5,-0.11421150673770103,-0.11649444848295086,1,0.001,40.0,30.0,0.001,0.2,0.3,0.1,50
9,85.0,0.11269616141200585,-inf,1.5,-0.12877381605737892,-0.1310562545427641,1,0.001,40.0,30.0,0.001,0.2,0.3,0.1,50
10,90.0,0.11270803076783438,-inf,1.5,-0.14333612732054574,-0.14561806060333432,1,0.001,40.0,30.0,0.001,0.2,0.3,0.1,50
11,95.0,0.11271991749764537,-inf,1.5,-0.1578984405301071,-0.16017986666433567,1,0.001,40.0,30.0,0.001,0.2,0.3,0.1,50
12,100.0,0.11273182163161448,-inf,1.5,-0.1724607556875405,-0.17474167272267743,1,0.001,40.0,30.0,0.001,0.2,0.3,0.1,50
13,105.0,0.11274374319996913,-inf,1.5,-0.1870230727999214,-0.1893034787811973,1,0.001,40.0,30.0,0.001,0.2,0.3,0.1,50
14,110.0,0.11275568223299814,-inf,1.5,-0.20158539186853927,-0.20386528484161762,1,0.001,40.0,30.0,0.001,0.2,0.3,0.1,50
15,115.0,0.11276763876110196,-inf,1.5,-0.21614771289788803,-0.2184270908994931,1,0.001,40.0,30.0,0.001,0.2,0.3,0.1,50
16,120.0,0.11277961281476571,-inf,1.5,-0.2307100358894456,-0.23298889696106298,1,0.001,40.0,30.0,0.001,0.2,0.3,0.1,50
17,125.0,0.11279160442442956,-inf,1.5,-0.2452723608530438,-0.2475507030207787,1,0.001,40.0,30.0,0.001,0.2,0.3,0.1,50
18,130.0,0.11280361362070268,-inf,1.5,-0.25983468778740837,-0.2621125090801269,1,0.001,40.0,30.0,0.001,0.2,0.3,0.1,50
19,135.0,0.11281564043429632,-inf,1.5,-0.27439701669703753,-0.27667431514131324,1,0.001,40.0,30.0,0.001,0.2,0.3,0.1,50
20,140.0,0.11282768489577762,-inf,1.5,-0.28895934758730096,-0.2912361211983133,1,0.001,40.0,30.0,0.001,0.2,0.3,0.1,50

0,40.0,0.10369678018208775,-inf,1.5,0.6983915172961659,-7.266193524130861e-09,1e-05,0.003,40.0,30.0,0.001,0.2,0.3,0.1,50
1,45.0,0.10487326399370603,-inf,1.5,-13.271023509388836,-14.010752182079155,1e-05,0.003,40.0,30.0,0.001,0.2,0.3,0.1,50
2,50.0,0.10666205119152637,-inf,1.5,-27.219627176442813,-28.02150435689645,1e-05,0.003,40.0,30.0,0.001,0.2,0.3,0.1,50
3,55.0,0.10941683117447992,-inf,1.5,-41.13582931488576,-42.03225653173087,1e-05,0.003,40.0,30.0,0.001,0.2,0.3,0.1,50
4,60.0,0.11376000576158646,-inf,1.5,-55.00150956314607,-56.043008706547084,1e-05,0.003,40.0,30.0,0.001,0.2,0.3,0.1,50
5,65.0,0.12090932765649313,-inf,1.5,-68.78827774767365,-70.05376088137011,1e-05,0.003,40.0,30.0,0.001,0.2,0.3,0.1,50
6,70.0,0.13371710562789285,-inf,1.5,-82.45138645060979,-84.06451305616503,1e-05,0.003,40.0,30.0,0.001,0.2,0.3,0.1,50
7,75.0,0.1617746839146938,-inf,1.5,-95.91944207779935,-98.07526523098758,1e-05,0.003,40.0,30.0,0.001,0.2,0.3,0.1,50
8,80.0,0.9090256182567849,0.0011160290890188053,1.5,-100.08745352439725,-112.0860174057993,1e-05,0.003,40.0,30.0,0.001,0.2,0.3,0.1,50
9,85.0,0.9103072457095915,0.0007820548999170405,1.5,-101.78875123434317,-126.09676958058415,1e-05,0.003,40.0,30.0,0.001,0.2,0.3,0.1,50
10,90.0,0.9107666076452595,0.0005921926107614183,1.5,-103.09170224474059,-140.1075217553866,1e-05,0.003,40.0,30.0,0.001,0.2,0.3,0.1,50
11,95.0,0.9106233675447247,0.0004505968612781772,1.5,-103.46967555150833,-154.11827393018163,1e-05,0.003,40.0,30.0,0.001,0.2,0.3,0.1,50
12,100.0,0.9096959955722723,0.0003305022524791217,1.5,-102.07705521262274,-168.12902610500228,1e-05,0.003,40.0,30.0,0.001,0.2,0.3,0.1,50
13,105.0,0.9078282094972783,0.00021592781884122278,1.5,-97.96482626940342,-182.13977827977317,1e-05,0.003,40.0,30.0,0.001,0.2,0.3,0.1,50
14,110.0,0.9052965436999195,9.25674622338711e-05,1.5,-91.2863498504117,-196.1505304545439,1e-05,0.003,40.0,30.0,0.001,0.2,0.3,0.1,50
15,115.0,0.9029031130701664,-4.487441129524919e-05,1.5,-83.30385598880794,-210.16128262932753,1e-05,0.003,40.0,30.0,0.001,0.2,0.3,0.1,50
16,120.0,0.9015765252511162,-0.00019131943643843302,1.5,-75.31068090337517,-224.17203480412098,1e-05,0.003,40.0,30.0,0.001,0.2,0.3,0.1,50
17,125.0,0.9018841976561329,-0.000335841263617313,1.5,-68.343334993566,-238.1827869788887,1e-05,0.003,40.0,30.0,0.001,0.2,0.3,0.1,50
18,130.0,0.9038709942580591,-0.00047083930793567297,1.5,-63.01815710828338,-252.1935391536507,1e-05,0.003,40.0,30.0,0.001,0.2,0.3,0.1,50
19,135.0,0.90724670139459,-0.0005926536373672418,1.5,-59.544952736918766,-266.2042913284388,1e-05,0.003,40.0,30.0,0.001,0.2,0.3,0.1,50
20,140.0,0.9116242639662007,-0.0007004268218098632,1.5,-57.87789919854809,-280.21504350319435,1e-05,0.003,40.0,30.0,0.001,0.2,0.3,0.1,50

0,40.0,0.10372061249291718,-inf,1.5,0.365994218074158,-1.320559604222706e-09,0.001,0.003,40.0,30.0,0.001,0.2,0.3,0.1,50
1,45.0,0.10426187398280845,-inf,1.5,-7.072397454748452,-7.4460629330757655,0.001,0.003,40.0,30.0,0.001,0.2,0.3,0.1,50
2,50.0,0.10493107896995792,-inf,1.5,-14.509175322387417,-14.892125864830678,0.001,0.003,40.0,30.0,0.001,0.2,0.3,0.1,50
3,55.0,0.10576027552106368,-inf,1.5,-21.943947220567505,-22.338188796581893,0.001,0.003,40.0,30.0,0.001,0.2,0.3,0.1,50
4,60.0,0.10679083147252824,-inf,1.5,-29.37622332764586,-29.784251728339363,0.001,0.003,40.0,30.0,0.001,0.2,0.3,0.1,50
5,65.0,0.10807697458045477,-inf,1.5,-36.80539024680486,-37.230314660079266,0.001,0.003,40.0,30.0,0.001,0.2,0.3,0.1,50
6,70.0,0.1096911566215507,-inf,1.5,-44.23067897015463,-44.67637759182959,0.001,0.003,40.0,30.0,0.001,0.2,0.3,0.1,50
7,75.0,0.11173255939584428,-inf,1.5,-51.651123801350046,-52.12244052358602,0.001,0.003,40.0,30.0,0.001,0.2,0.3,0.1,50
8,80.0,0.11434114884153242,-inf,1.5,-59.06550925941654,-59.56850345530674,0.001,0.003,40.0,30.0,0.001,0.2,0.3,0.1,50
9,85.0,0.11772232433296734,-inf,1.5,-66.47230052732361,-67.01456638707087,0.001,0.003,40.0,30.0,0.001,0.2,0.3,0.1,50
10,90.0,0.12219317918428438,-inf,1.5,-73.8695509692848,-74.46062931881399,0.001,0.003,40.0,30.0,0.001,0.2,0.3,0.1,50
11,95.0,0.1282780333987809,-inf,1.5,-81.25477675979619,-81.90669225055909,0.001,0.003,40.0,30.0,0.001,0.2,0.3,0.1,50
12,100.0,0.13693167340012302,-inf,1.5,-88.62478298073634,-89.35275518229935,0.001,0.003,40.0,30.0,0.001,0.2,0.3,0.1,50
13,105.0,0.15016967171138132,-inf,1.5,-95.97541546744014,-96.79881811403293,0.001,0.003,40.0,30.0,0.001,0.2,0.3,0.1,50
14,110.0,0.17352088730305332,-inf,1.5,-103.30119439624468,-104.24488104575894,0.001,0.003,40.0,30.0,0.001,0.2,0.3,0.1,50
15,115.0,0.23782001665065444,-inf,1.5,-110.59475019261113,-111.69094397751813,0.001,0.003,40.0,30.0,0.001,0.2,0.3,0.1,50
16,120.0,0.9109885577636913,0.0005883337445726209,1.5,-103.38633677394103,-119.13700690924286,0.001,0.003,40.0,30.0,0.001,0.2,0.3,0.1,50
17,125.0,0.9114875454797626,0.0004379830162514955,1.5,-103.71657291003079,-126.58306984098087,0.001,0.003,40.0,30.0,0.001,0.2,0.3,0.1,50
18,130.0,0.9119262179216953,0.00031595732775402884,1.5,-103.34368972605763,-134.0291327727313,0.001,0.003,40.0,30.0,0.001,0.2,0.3,0.1,50
19,135.0,0.9124834251415578,0.00020142858331071944,1.5,-102.39742449172812,-141.47519570446943,0.001,0.003,40.0,30.0,0.001,0.2,0.3,0.1,50
20,140.0,0.9133469457455973,8.874529442024646e-05,1.5,-101.18519837865621,-148.921258636196,0.001,0.003,40.0,30.0,0.001,0.2,0.3,0.1,50

0,40.0,0.10374418160447577,-inf,1.5,0.007041429852894654,6.573466535292058e-11,0.1,0.003,40.0,30.0,0.001,0.2,0.3,0.1,50
1,45.0,0.10375365349431921,-inf,1.5,-0.13695129642826032,-0.14398672055604625,0.1,0.003,40.0,30.0,0.001,0.2,0.3,0.1,50
2,50.0,0.1037631640566431,-inf,1.5,-0.2809440827941765,-0.28797344117707685,0.1,0.003,40.0,30.0,0.001,0.2,0.3,0.1,50
3,55.0,0.10377271342505157,-inf,1.5,-0.4249369295799179,-0.4319601617980156,0.1,0.003,40.0,30.0,0.001,0.2,0.3,0.1,50
4,60.0,0.1037823017627862,-inf,1.5,-0.5689298372107737,-0.5759468824172397,0.1,0.003,40.0,30.0,0.001,0.2,0.3,0.1,50
5,65.0,0.10379192923382854,-inf,1.5,-0.7129228061253047,-0.7199336030392274,0.1,0.003,40.0,30.0,0.001,0.2,0.3,0.1,50
6,70.0,0.10380159600290746,-inf,1.5,-0.8569158367560763,-0.8639203236610045,0.1,0.003,40.0,30.0,0.001,0.2,0.3,0.1,50
7,75.0,0.10381130223550827,-inf,1.5,-1.0009089295448248,-1.0079070442800204,0.1,0.003,40.0,30.0,0.001,0.2,0.3,0.1,50
8,80.0,0.1038210480978587,-inf,1.5,-1.1449020849328435,-1.1518937649015015,0.1,0.003,40.0,30.0,0.001,0.2,0.3,0.1,50
9,85.0,0.10383083375695033,-inf,1.5,-1.2888953033706807,-1.295880485522423,0.1,0.003,40.0,30.0,0.001,0.2,0.3,0.1,50
10,90.0,0.10384065938053949,-inf,1.5,-1.4328885853042665,-1.439867206143727,0.1,0.003,40.0,30.0,0.001,0.2,0.3,0.1,50
11,95.0,0.10385052513715008,-inf,1.5,-1.5768819311822422,-1.5838539267633454,0.1,0.003,40.0,30.0,0.001,0.2,0.3,0.1,50
12,100.0,0.10386043119605672,-inf,1.5,-1.7208753414574103,-1.7278406473841632,0.1,0.003,40.0,30.0,0.001,0.2,0.3,0.1,50
13,105.0,0.1038703777273309,-inf,1.5,-1.8648688165919913,-1.8718273680053708,0.1,0.003,40.0,30.0,0.001,0.2,0.3,0.1,50
14,110.0,0.10388036490180966,-inf,1.5,-2.0088623570466813,-2.01581408862737,0.1,0.003,40.0,30.0,0.001,0.2,0.3,0.1,50
15,115.0,0.10389039289112127,-inf,1.5,-2.15285596327884,-2.1598008092481367,0.1,0.003,40.0,30.0,0.001,0.2,0.3,0.1,50
16,120.0,0.1039004618676713,-inf,1.5,-2.296849635758762,-2.30378752986904,0.1,0.003,40.0,30.0,0.001,0.2,0.3,0.1,50
17,125.0,0.10391057200465947,-inf,1.5,-2.440843374952696,-2.4477742504887,0.1,0.003,40.0,30.0,0.001,0.2,0.3,0.1,50
18,130.0,0.10392072347608329,-inf,1.5,-2.5848371813350934,-2.591760971109776,0.1,0.003,40.0,30.0,0.001,0.2,0.3,0.1,50
19,135.0,0.10393091645673046,-inf,1.5,-2.7288310553778405,-2.7357476917298973,0.1,0.003,40.0,30.0,0.001,0.2,0.3,0.1,50
20,140.0,0.10394115112220567,-inf,1.5,-2.872824997557696,-2.879734412352261,0.1,0.003,40.0,30.0,0.001,0.2,0.3,0.1,50

0,40.0,0.10374459716017125,-inf,1.5,0.0007102467783214869,-1.4718323709651502e-11,1,0.003,40.0,30.0,0.001,0.2,0.3,0.1,50
1,45.0,0.1037455502339535,-inf,1.5,-0.013808779193826965,-0.014518198594315468,1,0.003,40.0,30.0,0.001,0.2,0.3,0.1,50
2,50.0,0.10374650406223583,-inf,1.5,-0.02832780628126567,-0.029036397176353788,1,0.003,40.0,30.0,0.001,0.2,0.3,0.1,50
3,55.0,0.1037474582821899,-inf,1.5,-0.04284683406265706,-0.0435545957560384,1,0.003,40.0,30.0,0.001,0.2,0.3,0.1,50
4,60.0,0.10374841289393513,-inf,1.5,-0.0573658625361954,-0.05807279433658917,1,0.003,40.0,30.0,0.001,0.2,0.3,0.1,50
5,65.0,0.10374936789763002,-inf,1.5,-0.0718848917037687,-0.07259099291514778,1,0.003,40.0,30.0,0.001,0.2,0.3,0.1,50
6,70.0,0.10375032329345144,-inf,1.5,-0.08640392156109693,-0.08710919149690653,1,0.003,40.0,30.0,0.001,0.2,0.3,0.1,50
7,75.0,0.1037512790815547,-inf,1.5,-0.10092295211544126,-0.1016273900774882,1,0.003,40.0,30.0,0.001,0.2,0.3,0.1,50
8,80.0,0.10375223526211355,-inf,1.5,-0.1154419833623008,-0.11614558865822977,1,0.003,40.0,30.0,0.001,0.2,0.3,0.1,50
9,85.0,0.1037531918352944,-inf,1.5,-0.12996101530578164,-0.13066378723691555,1,0.003,40.0,30.0,0.001,0.2,0.3,0.1,50
10,90.0,0.1037541488012531,-inf,1.5,-0.14448004794439318,-0.1451819858168796,1,0.003,40.0,30.0,0.001,0.2,0.3,0.1,50
11,95.0,0.10375510616016424,-inf,1.5,-0.1589990812786492,-0.1597001843977353,1,0.003,40.0,30.0,0.001,0.2,0.3,0.1,50
12,100.0,0.10375606391219316,-inf,1.5,-0.17351811531061873,-0.17421838297880157,1,0.003,40.0,30.0,0.001,0.2,0.3,0.1,50
13,105.0,0.10375702205751111,-inf,1.5,-0.1880371500362118,-0.18873658156132345,1,0.003,40.0,30.0,0.001,0.2,0.3,0.1,50
14,110.0,0.10375798059626944,-inf,1.5,-0.20255618546148682,-0.20325478014008194,1,0.003,40.0,30.0,0.001,0.2,0.3,0.1,50
15,115.0,0.10375893952865098,-inf,1.5,-0.21707522158213804,-0.21777297872078435,1,0.003,40.0,30.0,0.001,0.2,0.3,0.1,50
16,120.0,0.10375989885481897,-inf,1.5,-0.23159425840533998,-0.2322911772997863,1,0.003,40.0,30.0,0.001,0.2,0.3,0.1,50
17,125.0,0.10376085857492717,-inf,1.5,-0.2461132959238112,-0.24680937588051008,1,0.003,40.0,30.0,0.001,0.2,0.3,0.1,50
18,130.0,0.1037618186891614,-inf,1.5,-0.2606323341426869,-0.26132757446267435,1,0.003,40.0,30.0,0.001,0.2,0.3,0.1,50
19,135.0,0.10376277919767116,-inf,1.5,-0.275151373060891,-0.27584577304260965,1,0.003,40.0,30.0,0.001,0.2,0.3,0.1,50
20,140.0,0.10376374010063287,-inf,1.5,-0.28967041267833443,-0.29036397162232946,1,0.003,40.0,30.0,0.001,0.2,0.3,0.1,50

0,40.0,0.10218896475219777,-inf,1.5,0.5467045951139102,6.298657206560731e-09,1e-05,0.005,40.0,30.0,0.001,0.2,0.3,0.1,50
1,45.0,0.10268115361742829,-inf,1.5,-17.898414123782363,-18.469370789131823,1e-05,0.005,40.0,30.0,0.001,0.2,0.3,0.1,50
2,50.0,0.10335643366007179,-inf,1.5,-36.33106631167415,-36.93874158458481,1e-05,0.005,40.0,30.0,0.001,0.2,0.3,0.1,50
3,55.0,0.10428510373733486,-inf,1.5,-54.744265695435615,-55.40811238000472,1e-05,0.005,40.0,30.0,0.001,0.2,0.3,0.1,50
4,60.0,0.10556795504019802,-inf,1.5,-73.12713735775876,-73.87748317545021,1e-05,0.005,40.0,30.0,0.001,0.2,0.3,0.1,50
5,65.0,0.10735360987003406,-inf,1.5,-91.46279784202954,-92.34685397088884,1e-05,0.005,40.0,30.0,0.001,0.2,0.3,0.1,50
6,70.0,0.1098701363656256,-inf,1.5,-109.72505500485757,-110.81622476634088,1e-05,0.005,40.0,30.0,0.001,0.2,0.3,0.1,50
7,75.0,0.11348803348128912,-inf,1.5,-127.87317051009502,-129.28559556178845,1e-05,0.005,40.0,30.0,0.001,0.2,0.3,0.1,50
8,80.0,0.11886084186210961,-inf,1.5,-145.84329801974465,-147.7549663572441,1e-05,0.005,40.0,30.0,0.001,0.2,0.3,0.1,50
9,85.0,0.12729317353361821,-inf,1.5,-163.53394385246938,-166.2243371526908,1e-05,0.005,40.0,30.0,0.001,0.2,0.3,0.1,50
10,90.0,0.14196720967079282,-inf,1.5,-180.7803104466171,-184.69370794812804,1e-05,0.005,40.0,30.0,0.001,0.2,0.3,0.1,50
11,95.0,0.17435778548660996,-inf,1.5,-197.3081829241186,-203.16307874357005,1e-05,0.005,40.0,30.0,0.001,0.2,0.3,0.1,50
12,100.0,0.7004099457563143,0.013731369615616903,1.5,-212.65575068037114,-221.63244953903805,1e-05,0.005,40.0,30.0,0.001,0.2,0.3,0.1,50
13,105.0,0.8518246457674404,0.008892263742684816,1.5,-226.08586952342486,-240.1018203344929,1e-05,0.005,40.0,30.0,0.001,0.2,0.3,0.1,50
14,110.0,0.8947381209301205,0.004750993403124443,1.5,-236.71785911049562,-258.5711911299575,1e-05,0.005,40.0,30.0,0.001,0.2,0.3,0.1,50
15,115.0,0.9138218929161043,0.0018736706865503487,1.5,-244.14227224604448,-277.04056192540406,1e-05,0.005,40.0,30.0,0.001,0.2,0.3,0.1,50
16,120.0,0.9179261503525457,0.0010138739286039483,1.5,-244.90576842910474,-295.50993272085475,1e-05,0.005,40.0,30.0,0.001,0.2,0.3,0.1,50
17,125.0,0.9180213085251113,0.0007787162863545778,1.5,-242.41025065934247,-313.9793035162784,1e-05,0.005,40.0,30.0,0.001,0.2,0.3,0.1,50
18,130.0,0.9179543184109012,0.0006197272308272609,1.5,-239.06419104840717,-332.4486743117542,1e-05,0.005,40.0,30.0,0.001,0.2,0.3,0.1,50
19,135.0,0.918095743672599,0.0004846163480226091,1.5,-235.39896088099385,-350.9180451072015,1e-05,0.005,40.0,30.0,0.001,0.2,0.3,0.1,50
20,140.0,0.9186493036551066,0.0003627487596226989,1.5,-231.97492603044796,-369.3874159026444,1e-05,0.005,40.0,30.0,0.001,0.2,0.3,0.1,50

0,40.0,0.1021960171475408,-inf,1.5,0.24654340862135665,2.618956722631015e-10,0.001,0.005,40.0,30.0,0.001,0.2,0.3,0.1,50
1,45.0,0.10239399070934907,-inf,1.5,-8.208696986325933,-8.458151043483852,0.001,0.005,40.0,30.0,0.001,0.2,0.3,0.1,50
2,50.0,0.10262162678564798,-inf,1.5,-16.663442589993352,-16.91630208722315,0.001,0.005,40.0,30.0,0.001,0.2,0.3,0.1,50
3,55.0,0.10288344211385186,-inf,1.5,-25.117597891308566,-25.374453130970725,0.001,0.005,40.0,30.0,0.001,0.2,0.3,0.1,50
4,60.0,0.10318469138066869,-inf,1.5,-33.571048891641425,-33.83260417471341,0.001,0.005,40.0,30.0,0.001,0.2,0.3,0.1,50
5,65.0,0.10353150432186396,-inf,1.5,-42.02365956729744,-42.290755218474786,0.001,0.005,40.0,30.0,0.001,0.2,0.3,0.1,50
6,70.0,0.10393106946002836,-inf,1.5,-50.47526764542979,-50.74890626222094,0.001,0.005,40.0,30.0,0.001,0.2,0.3,0.1,50
7,75.0,0.10439185468763856,-inf,1.5,-58.92567973887874,-59.20705730597872,0.001,0.005,40.0,30.0,0.001,0.2,0.3,0.1,50
8,80.0,0.10492389532900574,-inf,1.5,-67.37466551632063,-67.66520834973319,0.001,0.005,40.0,30.0,0.001,0.2,0.3,0.1,50
9,85.0,0.10553916711826557,-inf,1.5,-75.82195079604918,-76.12335939347874,0.001,0.005,40.0,30.0,0.001,0.2,0.3,0.1,50
10,90.0,0.10625207802897799,-inf,1.5,-84.26720933312049,-84.58151043723463,0.001,0.005,40.0,30.0,0.001,0.2,0.3,0.1,50
11,95.0,0.10708012786717395,-inf,1.5,-92.71005302657906,-93.03966148097147,0.001,0.005,40.0,30.0,0.001,0.2,0.3,0.1,50
12,100.0,0.10804481477393615,-inf,1.5,-101.15002019325811,-101.49781252472107,0.001,0.005,40.0,30.0,0.001,0.2,0.3,0.1,50
13,105.0,0.10917287746347464,-inf,1.5,-109.5865615231179,-109.95596356847648,0.001,0.005,40.0,30.0,0.001,0.2,0.3,0.1,50
14,110.0,0.11049811139095796,-inf,1.5,-118.01902304148285,-118.41411461222319,0.001,0.005,40.0,30.0,0.001,0.2,0.3,0.1,50
15,115.0,0.1120639930450875,-inf,1.5,-126.44662546111064,-126.87226565598132,0.001,0.005,40.0,30.0,0.001,0.2,0.3,0.1,50
16,120.0,0.11392767466338902,-inf,1.5,-134.8684388046995,-135.3304166997159,0.001,0.005,40.0,30.0,0.001,0.2,0.3,0.1,50
17,125.0,0.11616621617534661,-inf,1.5,-143.28335086401245,-143.78856774347264,0.001,0.005,40.0,30.0,0.001,0.2,0.3,0.1,50
18,130.0,0.11888681642876313,-inf,1.5,-151.6900271398758,-152.2467187872137,0.001,0.005,40.0,30.0,0.001,0.2,0.3,0.1,50
19,135.0,0.12224436451581155,-inf,1.5,-160.0868584037221,-160.7048698309669,0.001,0.005,40.0,30.0,0.001,0.2,0.3,0.1,50
20,140.0,0.12647351942941729,-inf,1.5,-168.4718886102952,-169.16302087470865,0.001,0.005,40.0,30.0,0.001,0.2,0.3,0.1,50

0,40.0,0.10220131535286005,-inf,1.5,0.004160333630508148,2.8465520560953536e-12,0.1,0.005,40.0,30.0,0.001,0.2,0.3,0.1,50
1,45.0,0.10220444875517906,-inf,1.5,-0.1392997569400698,-0.14345400269781314,0.1,0.005,40.0,30.0,0.001,0.2,0.3,0.1,50
2,50.0,0.1022075898968581,-inf,1.5,-0.28275988788566603,-0.28690800540035455,0.1,0.005,40.0,30.0,0.001,0.2,0.3,0.1,50
3,55.0,0.1022107384747636,-inf,1.5,-0.42622005602838603,-0.43036200810354286,0.1,0.005,40.0,30.0,0.001,0.2,0.3,0.1,50
4,60.0,0.10221389450662983,-inf,1.5,-0.5696802615579171,-0.5738160108030428,0.1,0.005,40.0,30.0,0.001,0.2,0.3,0.1,50
5,65.0,0.102217058010245,-inf,1.5,-0.7131405046617926,-0.717270013504506,0.1,0.005,40.0,30.0,0.001,0.2,0.3,0.1,50
6,70.0,0.10222022900344457,-inf,1.5,-0.8566007855323383,-0.8607240162069185,0.1,0.005,40.0,30.0,0.001,0.2,0.3,0.1,50
7,75.0,0.10222340750410627,-inf,1.5,-1.0000611043622738,-1.0041780189089944,0.1,0.005,40.0,30.0,0.001,0.2,0.3,0.1,50
8,80.0,0.10222659353015644,-inf,1.5,-1.1435214613407005,-1.1476320216112739,0.1,0.005,40.0,30.0,0.001,0.2,0.3,0.1,50
9,85.0,0.102229787099558,-inf,1.5,-1.286981856662847,-1.2910860243115982,0.1,0.005,40.0,30.0,0.001,0.2,0.3,0.1,50
10,90.0,0.10223298823032576,-inf,1.5,-1.4304422905226988,-1.434540027014802,0.1,0.005,40.0,30.0,0.001,0.2,0.3,0.1,50
11,95.0,0.10223619694051621,-inf,1.5,-1.5739027631150302,-1.5779940297156627,0.1,0.005,40.0,30.0,0.001,0.2,0.3,0.1,50
12,100.0,0.1022394132482314,-inf,1.5,-1.7173632746369192,-1.721448032416943,0.1,0.005,40.0,30.0,0.001,0.2,0.3,0.1,50
13,105.0,0.1022426371716157,-inf,1.5,-1.8608238252850837,-1.8649020351208008,0.1,0.005,40.0,30.0,0.001,0.2,0.3,0.1,50
14,110.0,0.1022458687288649,-inf,1.5,-2.0042844152561576,-2.008356037820491,0.1,0.005,40.0,30.0,0.001,0.2,0.3,0.1,50
15,115.0,0.10224910793821464,-inf,1.5,-2.1477450447519617,-2.151810040523389,0.1,0.005,40.0,30.0,0.001,0.2,0.3,0.1,50
16,120.0,0.10225235481794528,-inf,1.5,-2.2912057139701836,-2.2952640432248153,0.1,0.005,40.0,30.0,0.001,0.2,0.3,0.1,50
17,125.0,0.10225560938638921,-inf,1.5,-2.434666423110029,-2.4387180459247575,0.1,0.005,40.0,30.0,0.001,0.2,0.3,0.1,50
18,130.0,0.10225887166191504,-inf,1.5,-2.578127172378628,-2.582172048629375,0.1,0.005,40.0,30.0,0.001,0.2,0.3,0.1,50
19,135.0,0.10226214166294573,-inf,1.5,-2.7215879619701893,-2.725626051328531,0.1,0.005,40.0,30.0,0.001,0.2,0.3,0.1,50
20,140.0,0.10226541940794676,-inf,1.5,-2.8650487920933876,-2.869080054031129,0.1,0.005,40.0,30.0,0.001,0.2,0.3,0.1,50

0,40.0,0.10220139698527639,-inf,1.5,0.0004187560040807213,-1.8017481807078285e-11,1,0.005,40.0,30.0,0.001,0.2,0.3,0.1,50
1,45.0,0.10220171201201614,-inf,1.5,-0.014015722079050011,-0.014433796540281093,1,0.005,40.0,30.0,0.001,0.2,0.3,0.1,50
2,50.0,0.10220202706428551,-inf,1.5,-0.028450200978362573,-0.028867593059756363,1,0.005,40.0,30.0,0.001,0.2,0.3,0.1,50
3,55.0,0.10220234219151486,-inf,1.5,-0.04288468027206144,-0.043301389584894004,1,0.005,40.0,30.0,0.001,0.2,0.3,0.1,50
4,60.0,0.10220265739372533,-inf,1.5,-0.057319159959505206,-0.05773518610715053,1,0.005,40.0,30.0,0.001,0.2,0.3,0.1,50
5,65.0,0.1022029726709353,-inf,1.5,-0.07175364004293792,-0.07216898262911642,1,0.005,40.0,30.0,0.001,0.2,0.3,0.1,50
6,70.0,0.10220328802315973,-inf,1.5,-0.0861881205191021,-0.0866027791528225,1,0.005,40.0,30.0,0.001,0.2,0.3,0.1,50
7,75.0,0.10220360345041976,-inf,1.5,-0.10062260139217308,-0.10103657567303101,1,0.005,40.0,30.0,0.001,0.2,0.3,0.1,50
8,80.0,0.10220391895273115,-inf,1.5,-0.11505708265974171,-0.11547037219613866,1,0.005,40.0,30.0,0.001,0.2,0.3,0.1,50
9,85.0,0.10220423453011374,-inf,1.5,-0.12949156432269804,-0.1299041687193575,1,0.005,40.0,30.0,0.001,0.2,0.3,0.1,50
10,90.0,0.10220455018258436,-inf,1.5,-0.14392604637973097,-0.14433796524159853,1,0.005,40.0,30.0,0.001,0.2,0.3,0.1,50
11,95.0,0.10220486591016043,-inf,1.5,-0.15836052883514373,-0.15877176176362548,1,0.005,40.0,30.0,0.001,0.2,0.3,0.1,50
12,100.0,0.10220518171286243,-inf,1.5,-0.1727950116816988,-0.1732055582863277,1,0.005,40.0,30.0,0.001,0.2,0.3,0.1,50
13,105.0,0.10220549759070716,-inf,1.5,-0.18722949492604288,-0.18763935480868327,1,0.005,40.0,30.0,0.001,0.2,0.3,0.1,50
14,110.0,0.10220581354371053,-inf,1.5,-0.20166397856977988,-0.20207315132952816,1,0.005,40.0,30.0,0.001,0.2,0.3,0.1,50
15,115.0,0.10220612957189334,-inf,1.5,-0.21609846260655605,-0.21650694785305374,1,0.005,40.0,30.0,0.001,0.2,0.3,0.1,50
16,120.0,0.10220644567527196,-inf,1.5,-0.23053294704132035,-0.23094074437763654,1,0.005,40.0,30.0,0.001,0.2,0.3,0.1,50
17,125.0,0.10220676185386661,-inf,1.5,-0.24496743187286482,-0.24537454089863248,1,0.005,40.0,30.0,0.001,0.2,0.3,0.1,50
18,130.0,0.10220707810769208,-inf,1.5,-0.25940191710032995,-0.2598083374214893,1,0.005,40.0,30.0,0.001,0.2,0.3,0.1,50
19,135.0,0.10220739443676918,-inf,1.5,-0.27383640272415216,-0.274242133944729,1,0.005,40.0,30.0,0.001,0.2,0.3,0.1,50
20,140.0,0.10220771084111505,-inf,1.5,-0.288270888747308,-0.2886759304665458,1,0.005,40.0,30.0,0.001,0.2,0.3,0.1,50

0,40.0,0.11181464445545855,-inf,1.5,0.9832036375967386,5.793380500746568e-09,0.0001,0.001,40.0,30.0,0.001,0.2,0.3,0.1,50
1,45.0,0.11828841484124653,-inf,1.5,-5.130008063508892,-6.265357875775466,0.0001,0.001,40.0,30.0,0.001,0.2,0.3,0.1,50
2,50.0,0.13157200703963368,-inf,1.5,-11.154367560575661,-12.530715757409201,0.0001,0.001,40.0,30.0,0.001,0.2,0.3,0.1,50
3,55.0,0.16928858213809633,-inf,1.5,-17.026592210209607,-18.796073638973,0.0001,0.001,40.0,30.0,0.001,0.2,0.3,0.1,50
4,60.0,0.8569123571057669,0.0013213253745032517,1.5,4.8345570517968355,-25.061431520562493,0.0001,0.001,40.0,30.0,0.001,0.2,0.3,0.1,50
5,65.0,0.8578615248510985,0.0010572213840048614,1.5,4.978473942696285,-31.326789402153786,0.0001,0.001,40.0,30.0,0.001,0.2,0.3,0.1,50
6,70.0,0.8581902650742873,0.0008248757334044061,1.5,5.3298011267871885,-37.59214728373583,0.0001,0.001,40.0,30.0,0.001,0.2,0.3,0.1,50
7,75.0,0.8577535064532807,0.0006098402013937913,1.5,6.029772926820662,-43.85750516534216,0.0001,0.001,40.0,30.0,0.001,0.2,0.3,0.1,50
8,80.0,0.8562992688827984,0.00039896322584564536,1.5,7.30041037171169,-50.12286304693278,0.0001,0.001,40.0,30.0,0.001,0.2,0.3,0.1,50
9,85.0,0.8535719464055502,0.00017586726257960838,1.5,9.444667158944762,-56.38822092852025,0.0001,0.001,40.0,30.0,0.001,0.2,0.3,0.1,50
10,90.0,0.8498168422383937,-8.222895541417265e-05,1.5,12.673759825173233,-62.653578810118894,0.0001,0.001,40.0,30.0,0.001,0.2,0.3,0.1,50
11,95.0,0.8465223980744033,-0.0003881444278643489,1.5,16.752410400291335,-68.91893669169656,0.0001,0.001,40.0,30.0,0.001,0.2,0.3,0.1,50
12,100.0,0.8455127225402664,-0.0007215801745903649,1.5,21.01380614102073,-75.18429457333013,0.0001,0.001,40.0,30.0,0.001,0.2,0.3,0.1,50
13,105.0,0.8470397196227241,-0.0010785652437062384,1.5,25.06154209045838,-81.44965245492087,0.0001,0.001,40.0,30.0,0.001,0.2,0.3,0.1,50
14,110.0,0.8691387336863086,-0.009613485131385206,1.5,54.11918093910673,-87.71501033652447,0.0001,0.001,40.0,30.0,0.001,0.2,0.3,0.1,50
15,115.0,0.8736116222839234,-0.009613593116459667,1.5,48.18244420368362,-93.98036821811374,0.0001,0.001,40.0,30.0,0.001,0.2,0.3,0.1,50
16,120.0,0.8789597147731385,-0.009613702285570487,1.5,42.28868567025426,-100.24572609972739,0.0001,0.001,40.0,30.0,0.001,0.2,0.3,0.1,50
17,125.0,0.8852360202933759,-0.009613812363892218,1.5,36.44564182786942,-106.51108398131566,0.0001,0.001,40.0,30.0,0.001,0.2,0.3,0.1,50
18,130.0,0.8924245222288861,-0.009613923657730367,1.5,30.661633450689422,-112.77644186291428,0.0001,0.001,40.0,30.0,0.001,0.2,0.3,0.1,50
19,135.0,0.900420960988432,-0.009614036130650629,1.5,24.945091047009956,-119.04179974453301,0.0001,0.001,40.0,30.0,0.001,0.2,0.3,0.1,50
20,140.0,0.9090304042933781,-0.009614149862963273,1.5,19.303881771245237,-125.30715762614432,0.0001,0.001,40.0,30.0,0.001,0.2,0.3,0.1,50

